{
    "diameter_icell": 3.0,
    "diameter_prod": 30.0,
    "thickness_rib": 0.5,
    "thickness_slit": 1.0,
    "thickness_prod": 1.0,
    "thickness_bot": 0.0,
    "thickness_mid": 0.1,
    "thickness_top": 0.02,
    "length_prod": 1000.0,
    "length_slit": 30.0,
    "length_seal": 40.0,
    "ratio_slit": 2,
    "mode_cell": "A",
    "mode_slit": "A",
    "thickness_rib_ocell": 0.5,
    "hight_ocell": 1.0,
    "width_x1_ocell": 0.2,
    "hight_y1_ocell": 0.2,
    "N_icell": 32,
    "N_ocell": 19,
    "N_slit": 3,
    "A_membrane": 247105.11176075877,
    "A_icell": 151.84609117698628,
    "A_ocell": 55.48,
    "R(A_icell/A_prod)": 0.21481827555555558,
    "R(A_ocell/A_prod)": 0.07848814437989647,
    "V_icell": 151846.0911769863,
    "V_ocell": 47712.799999999996,
    "R(V_icell/V_prod)": 0.2148182755555556,
    "R(V_ocell/V_prod)": 0.06749980416671096
}